{
    "games":[
        {
            "id":"1",
            "name":"Shooting",
            "amount":105
        },
         {
            "id":"2",
            "name":"Angry Birds",
            "amount":95
        },
         {
            "id":"3",
            "name":"Temple Run",
            "amount":200
        },
         {
            "id":"4",
            "name":"Bike Race",
            "amount":90
        },
         {
            "id":"5",
            "name":"Air Control",
            "amount":800
        }
    ]
}